{"meta":{"title":"a.d","subtitle":"永远热爱","description":"爱你所爱，行你所行，听从你心，无问西东。","author":"a.d","url":"http://blog.aiheadn.cn","root":"/"},"pages":[{"title":"标签","date":"2023-01-02T09:48:37.000Z","updated":"2023-01-02T09:54:47.706Z","comments":true,"path":"tags/index.html","permalink":"http://blog.aiheadn.cn/tags/index.html","excerpt":"","text":""},{"title":"分类","date":"2023-01-02T09:52:42.000Z","updated":"2023-01-02T09:54:35.997Z","comments":true,"path":"categories/index.html","permalink":"http://blog.aiheadn.cn/categories/index.html","excerpt":"","text":""},{"title":"a.d 的好朋友们","date":"2023-01-02T09:55:46.000Z","updated":"2023-01-02T09:57:00.408Z","comments":true,"path":"link/index.html","permalink":"http://blog.aiheadn.cn/link/index.html","excerpt":"","text":""},{"title":"关于我","date":"2023-01-03T04:24:25.000Z","updated":"2023-01-03T14:29:37.604Z","comments":true,"path":"about/index.html","permalink":"http://blog.aiheadn.cn/about/index.html","excerpt":"","text":"后续更新"}],"posts":[{"title":"基于hexo+butterfly和Github pages博客","slug":"基于hexo+butterfly和Github pages博客","date":"2023-01-03T15:05:59.000Z","updated":"2023-01-03T15:09:03.019Z","comments":true,"path":"archives/eeace1a8.html","link":"","permalink":"http://blog.aiheadn.cn/archives/eeace1a8.html","excerpt":"","text":"前言在众多的博客中，我选择了hexo，最大的优势就是可以结合GitHub page来搭建一个免费的个人博客系统，将文章都托管到GitHub上，在也不用担心服务器过期的问题了，而且可以自己买一个域名，解析了GitHub上就可以直接使域名访问了。 文章模板很多小伙伴给自己个博客添加了很多其他的功能，但是每次写文章的时候都需要在文章的开头去写一遍，这简直就是重复造轮子。其实，你可以自己在scaffolds中去修改属于你自己的模板 目录了解123456789101112131415161718192021hexo-install-directory├── CNAME├── _config.yml //Hexo的配置文件，可以配置主题、语言等├── avatar.jpg├── db.json├── debug.log├── node_modules├── public //执行hexo g命令后，生成的内容会在这里，包括所有的文章、页面、分类、tag等.├── scaffolds //保存着默认模板，自定义模板就是修改该目录下的文件│ ├── draft.md //默认的草稿模板│ ├── page.md //默认的页面模板│ └── post.md //默认的文章模板├── source //Hexo存放编辑页面的地方，可以使用vim或其他编辑器编辑这里的内容│ ├── 404.html //自定义404页面，可以使用腾讯公益404页面│ ├── Staticfile │ ├── _drafts //存放所有的草稿文件的目录│ ├── _posts //存放所有的文章文件的目录，用的最多，比如执行hexo new &quot;post_name&quot;之后，post_name这篇文章就存放在这个目录下│ ├── categories└── themes //Hexo的所有主题 ├── landscape //原始hexo主题 ├── butterfly //这是我目前用的主题","categories":[{"name":"代码学习","slug":"代码学习","permalink":"http://blog.aiheadn.cn/categories/%E4%BB%A3%E7%A0%81%E5%AD%A6%E4%B9%A0/"},{"name":"hexo","slug":"代码学习/hexo","permalink":"http://blog.aiheadn.cn/categories/%E4%BB%A3%E7%A0%81%E5%AD%A6%E4%B9%A0/hexo/"}],"tags":[{"name":"hexo","slug":"hexo","permalink":"http://blog.aiheadn.cn/tags/hexo/"},{"name":"博客","slug":"博客","permalink":"http://blog.aiheadn.cn/tags/%E5%8D%9A%E5%AE%A2/"},{"name":"Butterfly","slug":"Butterfly","permalink":"http://blog.aiheadn.cn/tags/Butterfly/"}]},{"title":"java+swing+mysql 实现简单的班级管理系统","slug":"java-swing-mysql-实现简单的班级管理系统","date":"2023-01-03T14:56:18.000Z","updated":"2023-01-03T15:00:49.919Z","comments":true,"path":"archives/4f6b19d6.html","link":"","permalink":"http://blog.aiheadn.cn/archives/4f6b19d6.html","excerpt":"","text":"链接：https://pan.baidu.com/s/13S39GLMJHMpzySX5XB1mHQ提取码：n94a","categories":[{"name":"代码学习","slug":"代码学习","permalink":"http://blog.aiheadn.cn/categories/%E4%BB%A3%E7%A0%81%E5%AD%A6%E4%B9%A0/"},{"name":"Java","slug":"代码学习/Java","permalink":"http://blog.aiheadn.cn/categories/%E4%BB%A3%E7%A0%81%E5%AD%A6%E4%B9%A0/Java/"}],"tags":[{"name":"Java","slug":"Java","permalink":"http://blog.aiheadn.cn/tags/Java/"}]},{"title":"总结2022年部分设计的学校宣传作品","slug":"总结2022年部分设计的学校宣传作品","date":"2023-01-03T14:54:19.000Z","updated":"2023-01-03T14:55:30.484Z","comments":true,"path":"archives/586e1f4c.html","link":"","permalink":"http://blog.aiheadn.cn/archives/586e1f4c.html","excerpt":"","text":"","categories":[{"name":"平面设计","slug":"平面设计","permalink":"http://blog.aiheadn.cn/categories/%E5%B9%B3%E9%9D%A2%E8%AE%BE%E8%AE%A1/"}],"tags":[{"name":"海报","slug":"海报","permalink":"http://blog.aiheadn.cn/tags/%E6%B5%B7%E6%8A%A5/"}]},{"title":"学校活动作品 知识竞赛","slug":"学校活动作品-知识竞赛","date":"2023-01-03T14:50:43.000Z","updated":"2023-01-03T14:51:48.672Z","comments":true,"path":"archives/99ea4e2d.html","link":"","permalink":"http://blog.aiheadn.cn/archives/99ea4e2d.html","excerpt":"","text":"软件使用：Adobe Photoshop CC 2019 Adobe Illustrator 2019基础字体：字魂网 ai变形素材来源：包图网参考来源：包图网内存总量：12GB备份链接：链接：https://pan.baidu.com/s/1meR9TpGlYFXM_mFgx-J5pQ[login]提取码：zseh [&#x2F;login]","categories":[{"name":"平面设计","slug":"平面设计","permalink":"http://blog.aiheadn.cn/categories/%E5%B9%B3%E9%9D%A2%E8%AE%BE%E8%AE%A1/"}],"tags":[{"name":"作品","slug":"作品","permalink":"http://blog.aiheadn.cn/tags/%E4%BD%9C%E5%93%81/"},{"name":"海报","slug":"海报","permalink":"http://blog.aiheadn.cn/tags/%E6%B5%B7%E6%8A%A5/"}]},{"title":"ps中性灰光影过渡","slug":"ps中性灰光影过渡","date":"2023-01-03T14:48:08.000Z","updated":"2023-01-03T14:49:41.447Z","comments":true,"path":"archives/48be17ad.html","link":"","permalink":"http://blog.aiheadn.cn/archives/48be17ad.html","excerpt":"","text":"引用虎课网PS-杂志风商业人像快速调色修图详解[课程学习][1] 作用中性灰主要是光影过渡，可以让光的过渡自然 比如皮肤这种，可以变得更加通透 学习笔记 1.首先要对图片进行一个简单调整，课程中的的样片进行提亮 2.例如修补工具修补瑕疵 ，课程讲师的删除可以进行内容识别，而之后我用同样的操作出现bug、应该是ps的版本的不同。 3.可以预见，修补工具的内容识别方便快捷 （编辑–内容识别填充）也可以实现 4.高低频搭配中性灰达到快速磨皮 补充中性灰需要大量的练习，后期学习后的心得会继续分享 由于没有截图，本篇文章先不加图片说明了。 [1]: https://huke88.com/course/23790.html?ref-tags=0%2C0%2C0%2C0","categories":[{"name":"平面设计","slug":"平面设计","permalink":"http://blog.aiheadn.cn/categories/%E5%B9%B3%E9%9D%A2%E8%AE%BE%E8%AE%A1/"},{"name":"平面笔记","slug":"平面设计/平面笔记","permalink":"http://blog.aiheadn.cn/categories/%E5%B9%B3%E9%9D%A2%E8%AE%BE%E8%AE%A1/%E5%B9%B3%E9%9D%A2%E7%AC%94%E8%AE%B0/"}],"tags":[{"name":"PS","slug":"PS","permalink":"http://blog.aiheadn.cn/tags/PS/"},{"name":"中性灰","slug":"中性灰","permalink":"http://blog.aiheadn.cn/tags/%E4%B8%AD%E6%80%A7%E7%81%B0/"}]},{"title":"linux基础笔记总结","slug":"linux基础笔记总结","date":"2023-01-03T14:45:27.000Z","updated":"2023-01-03T14:46:53.266Z","comments":true,"path":"archives/afec276c.html","link":"","permalink":"http://blog.aiheadn.cn/archives/afec276c.html","excerpt":"","text":"1.Linux最初是曲芬兰赫尔辛基技术大学计算机系学生linus Torvalds 开发出来2.linux特点：抢占式多任务、多用户、设备无关性、开放性、可拓展性、可维护性与开放源代码、完善的网络功能、可靠的系统安全、良好的可移植性3.linux和windows的多系统共存有多种实现方式4.shell是一个命令语言解释器（√）5.普通用户是$提示符 超级用户#提示符 ctrl+c结束命令运行6.重启系统 输入reboot 或shutdown -r now7.shell命令由命名名 选项和参数三部分 命令名［选项］［参数］8.目录的创建与删除命令 mkdir ［选项］目录9.改变工作目录命令cdcd［目录］10.显示路径的命令pwd11.显示目录内容命令lsls［选项］［文件｜目录］12.more［选项］文件名 功能：分屏显示文件的内容13.head命令 head［选项］文件名-n 指出显示文件的前n行 如果没有给出n值，默认设置为1014.tail命令 tail［选项］文件名显示文件的尾部 +n 从第n行以后开始显示15.文件内容查询命令grepgrep［选项］［查找模式］［文件名1］［文件名2］16.文件内容统计命令wcwc［选项］文件名 功能统计给定文件中的字节数-c，字数-w，行数-l17.文件的复制移动删除命令（目录）cp［选项］源文件 目标文件mv［选项］源文件 目标文件rm［选项］文件或目录18.查看手册命令manman 命令名19.清屏命令clear20.自动补齐命令 利用tab健21.别名命令alias［别名&#x3D;’标准shell命令行’］查看当前可使用的别名命令［root@localhost～］#alias［root@localhost～］#alias pd &#x3D; ‘vim&#x2F;etc&#x2F;passwd’22.*通配符 可以匹配任意数目的字符［root@localhost～］#ls f? f开头两个字符… 通配符表示可以匹配括号中给出的字符或字符范围23.\\d 任意一个数字 0～9 \\w 任意一个字母或数字或下画线 \\s 包括空格 制表符 换页符等空白字符中任意一个. 代表任意字符24.输出重定向 输出ls ＞info cat info25.创建文本文件 cat＞文件名 按住ctrl+d结束合并文本文件 cat 文件列表 ＞文件名 将文件列表中的所有文件内容合并到指定的新文件中26.管道 管道可以将第一个命令的输出通过管道传给第2个命令，作为第2个命令的输入，第2个命令的输出通过管道传给第3个命令，作为第3个命令的输入，以此类推，最后一个命令输出才会显示在屏幕上，管道所使用的符号是｜27.vim有3种工作模式 命令模式 插入模式 末行模式28.vim情况下删除文本命令 dd 删除光标所在的当前一行 #dd 删除#行 ，4dd 以及光标下面的3行29.yy 复制光标所在行到缓存区 p将缓冲区右侧 下一行 P将缓冲区左侧 上一行30.启动与退出vim wq 保存退出 q！ 不保存退出31.进入vim文件名 命令模式 zz退出 按住i a o insert键进入插入模式 esc退出 按:键进入末行模式 esc退出32.cat &#x2F;etc&#x2F;passwd一行有7个域 （:）分隔student:x:1000:1000:student:&#x2F;home&#x2F;student:&#x2F;bin&#x2F;bash用户名&#x2F;口令&#x2F;uid&#x2F;gid&#x2F;用户名全称&#x2F;用户的登录目录所在位置&#x2F;用户所用shell的类型33.cat &#x2F;etc&#x2F;shadow 文件等内容包括用户，被加密的密码，等其余信息34.新建用户 user1［root@localhost～］#useradd user1增加用户user1，附属组设置为root组［root@localhost～］#useradd -G root user135.删除用户账号user1及其主目录［root@localhost～］#userdel - r user136.组账号文件 &#x2F;etc&#x2F;group用户名:passwd:GID:用户列表37.IDE硬盘 &#x2F;dev&#x2F;hdxx例如&#x2F;dev&#x2F;hda 第二个&#x2F;dev&#x2F;hdb38.主分区 扩展分区 逻辑分区39.目录文件中的每一个目录由一个i节点来描述，i节点中文件类型标识是一个目录文件设备文件都存储在&#x2F;dev&#x2F;下40.&#x2F;bin存储基本的二进制程序文件，这里的命令都是开机时所必备的 在centos7中 这个目录是&#x2F;user&#x2F;bin目录的软链接&#x2F;boot 存储系统启动所需文件，包括系统内核&#x2F;dev device的缩写，存储Linux所有的外围设备&#x2F;etc 该目录下存储着系统启动和运动所需的配置文件和脚本文件，各种应用程序的配置文件和脚本文件41.ping命令ping［选项］ip地址｜主机名功能:主要用于测试本机与网络上另一台计算机的网络连接是否正确［root@localhost～］# ping 172.16.101.942.禁用和启用网卡ifconfig网卡名称 downifconfig网卡名称up43.内核不同，Linux 操作系统使用Linux内核，Windows操作系统使用NT内核; Linux 内核代码开源，NT内核代码闭源，也就是说任何人都可以拿着Linux内核代码改成自己喜欢的风格来用，不过前提是你得是技术大牛+Windows软件支持丰富，而Linux软件支持就很少了，因为Windows硬件驱动厂商支持全面，Linux驱动这块不如Windows全面，比如百分之九十九的游戏都可以在Windows.上。运行，而Linux上只有很简陋的游戏。4Linux是免费的，Windows 是收费的，不过不代表所有Linux都是免费的，有一部分进行商+业运作的Linux是收费的，比如Redhat Linux。+Windows易用性高，Linux 操作系统有一定的门槛，Linux 使用命令行字符模式为主要操作方式，Windows使用窗口、图标、鼠标点击形象化的方式为主要操作方式，如果不懂命令行，基本使用Linux是寸步难行的。+市场和安全性，Linux 市场主攻服务器市场. Windows系统主打桌面市场，Linux 主要应用于网络，而Windows操作系统最开始应用于打印服务。Linux 安全性比Windows安全性高，要求它更加可靠。+","categories":[{"name":"代码学习","slug":"代码学习","permalink":"http://blog.aiheadn.cn/categories/%E4%BB%A3%E7%A0%81%E5%AD%A6%E4%B9%A0/"},{"name":"linux","slug":"代码学习/linux","permalink":"http://blog.aiheadn.cn/categories/%E4%BB%A3%E7%A0%81%E5%AD%A6%E4%B9%A0/linux/"}],"tags":[{"name":"linux","slug":"linux","permalink":"http://blog.aiheadn.cn/tags/linux/"}]},{"title":"学校活动作品 妈妈的味道","slug":"学校活动作品-妈妈的味道","date":"2023-01-03T14:43:57.000Z","updated":"2023-01-03T14:44:53.660Z","comments":true,"path":"archives/c9b34690.html","link":"","permalink":"http://blog.aiheadn.cn/archives/c9b34690.html","excerpt":"","text":"软件使用：Adobe Photoshop CC 2019基础字体：字魂网素材来源：千库网参考来源：千图网 包图网内存总量：10GB备份链接：https://pan.baidu.com/s/1Dl-wGEKYjm-IyD9ekVr08g[login]提取码：cxva[&#x2F;login]以下为预览图","categories":[{"name":"平面设计","slug":"平面设计","permalink":"http://blog.aiheadn.cn/categories/%E5%B9%B3%E9%9D%A2%E8%AE%BE%E8%AE%A1/"}],"tags":[{"name":"平面设计","slug":"平面设计","permalink":"http://blog.aiheadn.cn/tags/%E5%B9%B3%E9%9D%A2%E8%AE%BE%E8%AE%A1/"},{"name":"作品","slug":"作品","permalink":"http://blog.aiheadn.cn/tags/%E4%BD%9C%E5%93%81/"},{"name":"海报","slug":"海报","permalink":"http://blog.aiheadn.cn/tags/%E6%B5%B7%E6%8A%A5/"}]},{"title":"学校活动作品 三长训练营","slug":"学校活动作品-三长训练营","date":"2023-01-03T14:41:21.000Z","updated":"2023-01-03T14:42:31.092Z","comments":true,"path":"archives/11728864.html","link":"","permalink":"http://blog.aiheadn.cn/archives/11728864.html","excerpt":"","text":"软件使用：Adobe Photoshop CC 2019基础字体：字魂网素材来源：包图网内存总量：600MB备份链接：链接：https://pan.baidu.com/s/1PLJAU_hKHI_mfFAVK8_Oyg[login]提取码：5vdl [&#x2F;login]预览","categories":[{"name":"平面设计","slug":"平面设计","permalink":"http://blog.aiheadn.cn/categories/%E5%B9%B3%E9%9D%A2%E8%AE%BE%E8%AE%A1/"}],"tags":[{"name":"平面设计","slug":"平面设计","permalink":"http://blog.aiheadn.cn/tags/%E5%B9%B3%E9%9D%A2%E8%AE%BE%E8%AE%A1/"},{"name":"作品","slug":"作品","permalink":"http://blog.aiheadn.cn/tags/%E4%BD%9C%E5%93%81/"},{"name":"海报","slug":"海报","permalink":"http://blog.aiheadn.cn/tags/%E6%B5%B7%E6%8A%A5/"}]},{"title":"2021大学生计算机设计大赛作品","slug":"2021大学生计算机设计大赛作品","date":"2023-01-03T14:37:42.000Z","updated":"2023-01-03T14:42:44.317Z","comments":true,"path":"archives/6bb180e7.html","link":"","permalink":"http://blog.aiheadn.cn/archives/6bb180e7.html","excerpt":"","text":"感言关于这次比赛，让我对ps有了更加深刻的了解。 关于软件使用：Adobe Photoshop CC 2019 Adobe Illustrator 2019素材来源：千库网 包图网内存总量：300MB团队成员： 李烘光 高震铄 田志宇所获奖项: 二等奖证书编号：JSJDS202100462021041482000276807771查询地址：https://2021.jsjds.com.cn/Index/main/certification-verification备份链接：链接：https://pan.baidu.com/s/1K5ZadHp19rkpTZR3AXZ--A[login]提取码：nytv [&#x2F;login] 以下为预览图","categories":[{"name":"平面设计","slug":"平面设计","permalink":"http://blog.aiheadn.cn/categories/%E5%B9%B3%E9%9D%A2%E8%AE%BE%E8%AE%A1/"}],"tags":[{"name":"平面设计","slug":"平面设计","permalink":"http://blog.aiheadn.cn/tags/%E5%B9%B3%E9%9D%A2%E8%AE%BE%E8%AE%A1/"},{"name":"PS","slug":"PS","permalink":"http://blog.aiheadn.cn/tags/PS/"},{"name":"作品","slug":"作品","permalink":"http://blog.aiheadn.cn/tags/%E4%BD%9C%E5%93%81/"},{"name":"比赛","slug":"比赛","permalink":"http://blog.aiheadn.cn/tags/%E6%AF%94%E8%B5%9B/"}]},{"title":"腾讯QQ头像获取直链（多方法整理）","slug":"腾讯QQ头像获取直链（多方法整理）","date":"2023-01-03T14:35:38.000Z","updated":"2023-01-03T14:36:56.288Z","comments":true,"path":"archives/2af2cf76.html","link":"","permalink":"http://blog.aiheadn.cn/archives/2af2cf76.html","excerpt":"","text":"【腾讯QQ头像获取直链】用别人提供的不如用官方的 1.API接口（qq号式）：https://q1.qlogo.cn/g?b=qq&amp;nk=QQ号码&amp;s=640 不想用ssl，请把s去掉。 640是大小，可以是640,100 2.API接口（邮箱式）： https://q2.qlogo.cn/headimg_dl?dst_uin=QQ邮箱&amp;spec=640 亲测100也有效 3.API接口（来自QQ空间）：https://qlogo.store.qq.com/qzone/QQ号/QQ号/大小 同时它的地址前缀可以换成qlogo1、qlogo2、qlogo3、qlogo4哦，其实都一样的。 640,100都行 还可以利用api接口地址获取你的QQ空间头像地址：http://users.qzone.qq.com/fcg-bin/cgi_get_portrait.fcg?uins=1176996982 , 1176996982替换为你的QQ号，然后会返回一串json数据，里面的网址就是你的头像了。 再附一个https的QQ头像API接口：http://ptlogin2.qq.com/getface?appid=1006102&amp;imgtype=3&amp;uin=1176996982 ，同样会返回json数据，然后自行提取你的专属头像网址。 本文来自 杂念 原文https://dyedd.cn/618.html","categories":[{"name":"信息技术","slug":"信息技术","permalink":"http://blog.aiheadn.cn/categories/%E4%BF%A1%E6%81%AF%E6%8A%80%E6%9C%AF/"}],"tags":[{"name":"API接口","slug":"API接口","permalink":"http://blog.aiheadn.cn/tags/API%E6%8E%A5%E5%8F%A3/"}]},{"title":"7-Zip是具有高压缩比的文件存档器","slug":"7-Zip是具有高压缩比的文件存档器","date":"2023-01-03T14:33:53.000Z","updated":"2023-01-03T14:34:43.292Z","comments":true,"path":"archives/784fe0c6.html","link":"","permalink":"http://blog.aiheadn.cn/archives/784fe0c6.html","excerpt":"","text":"7-zip在其独创的压缩格式上还是比较有优势的，压缩率更高，安全性也不错。其软件在解码其他格式压缩包时效率也不错。不大不小的缺陷是界面比较丑；默认安装可能没有关联文件格式，要手动打开7-zip文件管理器，进入工具-首选项设置文件关联。7-zip另外一个问题就是其创建的压缩包为*.7z格式，有些老版本的其他解压软件可能无法读取。在制作压缩文件传给别人的时候不是很方便。如果没有特殊需求的话WinRAR、好压等软件还是不错的、更加大众化的选择。 7-Zip 的主要功能1.7z 格式的高压缩比与LZMA和LZMA2压缩支持格式：2.包装 &#x2F; 拆包： 7z， Xz， Bzip2， Gzip， Tar， 邮编和 WIM仅拆包： AR， ARJ， CAB， CHM， CPIO， 克拉姆夫斯， DMG， EXT， 脂肪， GPT， HFS， IHEX， ISO， LZH， LZMA， MBR， MSI， NSIS， NTFS， QCOW2， RAR， RPM， 壁球， UDF， UEFI， VDI， VHD， VMDK， WIM， XAR 和 Z.3.对于 ZIP 和 GZIP 格式，7-Zip提供的压缩比比 PKZip 和 WinZip 提供的压缩比高 2-10%4.7z 和 ZIP 格式的强 AES-256 加密5.7z 格式的自提取功能6.与视窗壳集成7.强大的文件管理器8.强大的命令线版本9.远经理的插件87 种语言的本地化 下载[button color&#x3D;”light” icon&#x3D;”” url&#x3D;”https://www.7-zip.org/a/7z2103-x64.exe“ type&#x3D;””]7-Zip 64 位 x64[&#x2F;button][button color&#x3D;”light” icon&#x3D;”” url&#x3D;”https://www.7-zip.org/a/7z2103.exe“ type&#x3D;””]7-Zip 32 位 x86[&#x2F;button]更多了解请到官网 https://www.7-zip.org","categories":[{"name":"信息技术","slug":"信息技术","permalink":"http://blog.aiheadn.cn/categories/%E4%BF%A1%E6%81%AF%E6%8A%80%E6%9C%AF/"}],"tags":[{"name":"7-Zip","slug":"7-Zip","permalink":"http://blog.aiheadn.cn/tags/7-Zip/"}]},{"title":"提取网易云 cookie 方法","slug":"提取网易云-cookie-方法","date":"2023-01-03T14:31:13.000Z","updated":"2023-01-03T14:32:57.353Z","comments":true,"path":"archives/d247c262.html","link":"","permalink":"http://blog.aiheadn.cn/archives/d247c262.html","excerpt":"","text":"如果你是网易云会员可以将您的 cookie 填入此处来获取云盘等付费资源，听歌将不会计入下载次数。 内容来自https://github.com/mengkunsoft/MKOnlineMusicPlayer/wiki 由于网易云音乐多次封禁 Meting 所使用的 Cookie （具体表现为网易云音乐歌曲无法播放，播放列表仅剩一首歌）因此请自行获取 Cookie 并进行配置，以保障正常使用。方法如下： 1、浏览器 访问 http://music.163.com/ 登录你的网易云 2、按下 F12（或 Ctrl+shift+i）打开浏览器控制台，切换到Network选项卡，点亮左侧这个小红点 3、刷新浏览器，等待页面再一次加载完毕 4、将下侧出现的列表拉到最顶上，找到 Name 为 music.163.com 的这一项，点进去 5、在 Headers 选项卡中往下拉，找到 Request Headers，选定并复制 Cookie： 后面的文字内容 6、填写到 Handsome 插件设置里面的「网易云 Cookie」设置项中 cookie 有一定的有效期，具体时间没有测试过，应该还挺长的，如果过期了，尝试再次登录按照上面操作一次。","categories":[{"name":"信息技术","slug":"信息技术","permalink":"http://blog.aiheadn.cn/categories/%E4%BF%A1%E6%81%AF%E6%8A%80%E6%9C%AF/"}],"tags":[{"name":"cookie","slug":"cookie","permalink":"http://blog.aiheadn.cn/tags/cookie/"}]},{"title":"应用腾讯cos总结及COSBrowser 工具","slug":"应用腾讯cos总结及COSBrowser 工具","date":"2023-01-02T10:42:06.000Z","updated":"2023-01-03T13:55:28.267Z","comments":true,"path":"archives/c5a2465c.html","link":"","permalink":"http://blog.aiheadn.cn/archives/c5a2465c.html","excerpt":"","text":"什么是腾讯cos存储对象存储（Cloud Object Storage，COS）是由腾讯云推出的无目录层次结构、无数据格式限制，可容纳海量数据且支持 HTTP&#x2F;HTTPS 协议访问的分布式存储服务。腾讯云 COS 的存储桶空间无容量上限，无需分区管理，适用于 CDN 数据分发、数据万象处理或大数据计算与分析的数据湖等多种场景。COS 提供网页端管理界面、多种主流开发语言的 SDK、API 以及命令行和图形化工具，并且兼容 S3 的 API 接口，方便用户直接使用社区工具和插件。前面的话取自于官方 用它可以干什么1.cos最大特点在于存储大量的图片或数据2.易于生成外联方便调用3.搭配可视化的COSBrowser 工具完全可以当个人云盘使用（产生外网流量费用成本较高）4.便宜5.等待补充 应用目前应用于博客的主要图片存储，节省服务器空间成本 为什么使用腾讯cos他可以当成一个天然的图床使用 而且安全系数高 图片不容易丢失如果将大量的图片存放在免费图床 代表着图床一旦关闭 图片外链会全部失效（最昂贵的就是免费）另外将图片部署在服务器也会影响页面等待加载速度 页面可能出现卡死 丢帧 反应速度慢。使用外链大幅度提升页面响应速度 COSBrowserCOSBrowser 是腾讯云对象存储 COS 推出的可视化界面工具，让您可以使用更简单的交互轻松实现对 COS 资源的查看、传输和管理。目前 COSBrowser 有桌面端和移动端两种，详情可参见： 桌面端使用说明移动端使用说明 COSBrowser 工具下载[tabs][tab name&#x3D;”桌面端” active&#x3D;”true”] Windows Windows 7 32&#x2F;64位以上、Windows Server 2008 R2 64位以上 macOS macOS 10.13以上 Linux 需带有图形界面并支持 AppImage 格式注意：CentOS 启动客户端需在终端执行 .&#x2F;cosbrowser.AppImage –no-sandbox [&#x2F;tab][tab name&#x3D;”移动端”]Android Android 4.4以上iOS iOS 11以上[&#x2F;tab][tab name&#x3D;”网页端”]Web Chrome&#x2F;FireFox&#x2F;Safari&#x2F;IE10+等浏览器[&#x2F;tab][&#x2F;tabs]","categories":[{"name":"信息技术","slug":"信息技术","permalink":"http://blog.aiheadn.cn/categories/%E4%BF%A1%E6%81%AF%E6%8A%80%E6%9C%AF/"}],"tags":[{"name":"腾讯cos","slug":"腾讯cos","permalink":"http://blog.aiheadn.cn/tags/%E8%85%BE%E8%AE%AFcos/"}]}],"categories":[{"name":"代码学习","slug":"代码学习","permalink":"http://blog.aiheadn.cn/categories/%E4%BB%A3%E7%A0%81%E5%AD%A6%E4%B9%A0/"},{"name":"hexo","slug":"代码学习/hexo","permalink":"http://blog.aiheadn.cn/categories/%E4%BB%A3%E7%A0%81%E5%AD%A6%E4%B9%A0/hexo/"},{"name":"Java","slug":"代码学习/Java","permalink":"http://blog.aiheadn.cn/categories/%E4%BB%A3%E7%A0%81%E5%AD%A6%E4%B9%A0/Java/"},{"name":"平面设计","slug":"平面设计","permalink":"http://blog.aiheadn.cn/categories/%E5%B9%B3%E9%9D%A2%E8%AE%BE%E8%AE%A1/"},{"name":"平面笔记","slug":"平面设计/平面笔记","permalink":"http://blog.aiheadn.cn/categories/%E5%B9%B3%E9%9D%A2%E8%AE%BE%E8%AE%A1/%E5%B9%B3%E9%9D%A2%E7%AC%94%E8%AE%B0/"},{"name":"linux","slug":"代码学习/linux","permalink":"http://blog.aiheadn.cn/categories/%E4%BB%A3%E7%A0%81%E5%AD%A6%E4%B9%A0/linux/"},{"name":"信息技术","slug":"信息技术","permalink":"http://blog.aiheadn.cn/categories/%E4%BF%A1%E6%81%AF%E6%8A%80%E6%9C%AF/"}],"tags":[{"name":"hexo","slug":"hexo","permalink":"http://blog.aiheadn.cn/tags/hexo/"},{"name":"博客","slug":"博客","permalink":"http://blog.aiheadn.cn/tags/%E5%8D%9A%E5%AE%A2/"},{"name":"Butterfly","slug":"Butterfly","permalink":"http://blog.aiheadn.cn/tags/Butterfly/"},{"name":"Java","slug":"Java","permalink":"http://blog.aiheadn.cn/tags/Java/"},{"name":"海报","slug":"海报","permalink":"http://blog.aiheadn.cn/tags/%E6%B5%B7%E6%8A%A5/"},{"name":"作品","slug":"作品","permalink":"http://blog.aiheadn.cn/tags/%E4%BD%9C%E5%93%81/"},{"name":"PS","slug":"PS","permalink":"http://blog.aiheadn.cn/tags/PS/"},{"name":"中性灰","slug":"中性灰","permalink":"http://blog.aiheadn.cn/tags/%E4%B8%AD%E6%80%A7%E7%81%B0/"},{"name":"linux","slug":"linux","permalink":"http://blog.aiheadn.cn/tags/linux/"},{"name":"平面设计","slug":"平面设计","permalink":"http://blog.aiheadn.cn/tags/%E5%B9%B3%E9%9D%A2%E8%AE%BE%E8%AE%A1/"},{"name":"比赛","slug":"比赛","permalink":"http://blog.aiheadn.cn/tags/%E6%AF%94%E8%B5%9B/"},{"name":"API接口","slug":"API接口","permalink":"http://blog.aiheadn.cn/tags/API%E6%8E%A5%E5%8F%A3/"},{"name":"7-Zip","slug":"7-Zip","permalink":"http://blog.aiheadn.cn/tags/7-Zip/"},{"name":"cookie","slug":"cookie","permalink":"http://blog.aiheadn.cn/tags/cookie/"},{"name":"腾讯cos","slug":"腾讯cos","permalink":"http://blog.aiheadn.cn/tags/%E8%85%BE%E8%AE%AFcos/"}]}